<?xml version="1.0" encoding="UTF-8"?>
<!DOCTYPE hibernate-mapping PUBLIC "-//Hibernate/Hibernate Mapping DTD 3.0//EN" "http://hibernate.sourceforge.net/hibernate-mapping-3.0.dtd">
<hibernate-mapping>
  <class name="com.yusuf.spring.pojo.Email" table="emailtable">
    <id column="id" name="id" type="long">
      <generator class="foreign">
      	<param name="property">user</param>
      </generator>
    </id>
    <property column="emailId" name="emailId" type="string"/>
    <one-to-one name="user" class="com.yusuf.spring.pojo.User"
            constrained="true"></one-to-one>
  </class>
</hibernate-mapping>
