<?xml version="1.0" encoding="UTF-8" ?>
<!DOCTYPE tiles-definitions PUBLIC
       "-//Apache Software Foundation//DTD Tiles Configuration 3.0//EN"
       "http://tiles.apache.org/dtds/tiles-config_3_0.dtd">
<tiles-definitions>
    <definition name="base.definition" template="/WEB-INF/views/dashboardAdmin.jsp">
        <put-attribute name="title" value="FrameworkOnly | Apache Tiles 3 + Spring 4 MVC"></put-attribute>
        <put-attribute name="stylecss" value="/WEB-INF/views/tiles/firststylecss.jsp"></put-attribute>
        <put-attribute name="header" value="/WEB-INF/views/tiles/firstheader.jsp"></put-attribute>
        <put-attribute name="body" value="/WEB-INF/views/tiles/firstbody.jsp"></put-attribute>
        <put-attribute name="footer" value="/WEB-INF/views/tiles/firstfooter.jsp"></put-attribute>
        <put-attribute name="scriptjs" value="/WEB-INF/views/tiles/firstscriptjs.jsp"></put-attribute>
    </definition>
</tiles-definitions>